YEAR,DEPT_ID,DEPT_RBD,SEC_LNT_MI,CORR_ID,CORR_RBD,CORRIDOR,CORR_MP,CORR_ENDMP,CORR_MIOFF,CORR_ENDMI,SITE_ID,TYC_CCS,TYC_REMARK,TYC_ACTEST,TYC_AADT,TYC_MC_NUM,TYC_RV_NUM,BUS_NUM,COMM_NUM,LG_TRK_NUM,TYC_MC,TYC_RV,TYC_BUS,TYC_COMM,TYC_LG_TRK,FACTOR_GRP,TYC_VC_GRP,FUT_FACT,TYC_DHV,FLEXESAL_P,FLEXESAL_N,RESAL_P,RESAL_N,ONE_WAY,NUM_LANES,COIN_RT,CNTY_NM,JCT_DESC,LINK_DESC,PCT_DH_SU,PCT_DH_CU,SEGMENT_KEY,CORR_MP_FLOAT,CORR_ENDMP_FLOAT,ROUTE_NAME,SIGNED_ROUTE,SYSTEM,YEARS_WITH_DATA,TOTAL_CRASHES,COUNTY,CRASHES,MILES_DRIVEN,AVG_CRASHES,CARS_PER_ACC,MILES_PER_ACC,PER_100M_VMT,LOCATION,ROUTE_FILE_NAME
2023.0,S-308,A,5.505,C000308,A,C000308A,008+0.773,014+0.263,8.891,14.396,05-3-010,nan,nan,E,826.0,11.0,nan,0.0,25.0,17.0,13.0,nan,0.0,29.0,20.0,RMA_RMC_345,5158.0,10.0,118.0,7.0,7.0,10.0,10.0,nan,2.0,nan,CARBON,nan,nan,0.0,0.0,C000308_008+0.773_014+0.263_S-308,8.773,14.263,,S-308,Secondary,3,10,CARBON,10.0,4547.13,2.0,413.0,2273.565,120.42104743572766,,S-308
2023.0,S-308,A,1.547,C000308,A,C000308A,000+0.000,001+0.540,0.0,1.547,05-3-023,nan,nan,E,1187.6,23.0,nan,1.0,48.0,22.0,18.0,nan,1.0,38.0,18.0,RMA_RMC_345,5157.0,10.0,120.0,19.0,19.0,28.0,28.0,nan,2.0,nan,CARBON,JCT P-28 S OF RED LODGE,ENT S-308A/,4.605,1.974,C000308_000+0.000_001+0.540_S-308,0.0,1.54,,S-308,Secondary,5,8,CARBON,8.0,1837.2171999999998,1.6,742.2499999999999,1148.26075,238.43458788712425,,S-308
2023.0,S-308,A,4.552,C000308,A,C000308A,001+0.540,006+0.007,1.547,6.099,05-3-004,nan,nan,E,1087.4,23.0,nan,1.0,48.0,22.0,20.0,nan,1.0,41.0,19.0,RMA_RMC_345,5157.0,10.0,120.0,18.0,18.0,28.0,28.0,nan,2.0,nan,CARBON,nan,nan,4.605,1.974,C000308_001+0.540_006+0.007_S-308,1.54,6.007,,S-308,Secondary,5,11,CARBON,11.0,4949.8448,2.2,494.27272727272725,2249.9294545454545,121.68607249444716,,S-308
2023.0,S-308,A,0.819,C000308,A,C000308A,006+0.007,006+0.826,6.099,6.918,05-3-030,nan,nan,E,987.4,23.0,nan,1.0,48.0,22.0,20.0,nan,1.0,42.0,19.0,RMA_RMC_345,5157.0,10.0,120.0,18.0,18.0,28.0,28.0,nan,2.0,nan,CARBON,nan,nan,4.605,1.974,C000308_006+0.007_006+0.826_S-308,6.007,6.826,,S-308,Secondary,5,0,CARBON,,808.6805999999999,0.0,None,None,0.0,,S-308
2023.0,S-308,A,1.972,C000308,A,C000308A,006+0.826,008+0.773,6.918,8.891,05-3-005,nan,nan,E,984.25,11.0,nan,0.0,25.0,17.0,10.0,nan,0.0,24.0,16.0,RMA_RMC_345,5158.0,10.0,118.0,7.0,7.0,10.0,10.0,nan,2.0,nan,CARBON,nan,nan,0.0,0.0,C000308_006+0.826_008+0.773_S-308,6.826,8.773,,S-308,Secondary,4,3,CARBON,3.0,1940.941,0.6,1640.4166666666667,3234.9016666666666,84.6347453260692,,S-308
