YEAR,DEPT_ID,DEPT_RBD,SEC_LNT_MI,CORR_ID,CORR_RBD,CORRIDOR,CORR_MP,CORR_ENDMP,CORR_MIOFF,CORR_ENDMI,SITE_ID,TYC_CCS,TYC_REMARK,TYC_ACTEST,TYC_AADT,TYC_MC_NUM,TYC_RV_NUM,BUS_NUM,COMM_NUM,LG_TRK_NUM,TYC_MC,TYC_RV,TYC_BUS,TYC_COMM,TYC_LG_TRK,FACTOR_GRP,TYC_VC_GRP,FUT_FACT,TYC_DHV,FLEXESAL_P,FLEXESAL_N,RESAL_P,RESAL_N,ONE_WAY,NUM_LANES,COIN_RT,CNTY_NM,JCT_DESC,LINK_DESC,PCT_DH_SU,PCT_DH_CU,SEGMENT_KEY,CORR_MP_FLOAT,CORR_ENDMP_FLOAT,ROUTE_NAME,SIGNED_ROUTE,SYSTEM,YEARS_WITH_DATA,TOTAL_CRASHES,COUNTY,CRASHES,MILES_DRIVEN,AVG_CRASHES,CARS_PER_ACC,MILES_PER_ACC,PER_100M_VMT,LOCATION,ROUTE_FILE_NAME
2023.0,U-1219,A,1.364,C000411,A,C000411A,000+0.140,001+0.497,0.14,1.503,16-3A-018,nan,nan,E,8742.0,10.0,nan,0.0,80.0,42.0,1.0,nan,0.0,9.0,5.0,UMA_UC,5249.0,10.0,103.0,33.0,33.0,40.0,40.0,nan,2.0,nan,GALLATIN,JCT U-1201 (N 19TH AVE),JCT U-1201 (N 19TH AVE),1.045,4.53,C000411_000+0.140_001+0.497_U-1219,0.14,1.4969999999999999,SPRINGHILL RD,S-411,Urban,4,13,GALLATIN,13.0,11924.088000000002,2.6,3362.3076923076924,4586.1876923076925,59.69774834388561,,S-411
2023.0,U-1219,A,0.14,C000411,A,C000411A,000+0.000,000+0.140,0.0,0.14,16-3A-043,nan,nan,E,5095.5,3.0,nan,11.0,215.0,97.0,1.0,nan,2.0,41.0,19.0,UMA_UC,5248.0,14.0,110.0,74.0,74.0,110.0,110.0,nan,2.0,nan,GALLATIN,JCT P-205/P-118,ENT U-1219A/,0.0,0.0,C000411_000+0.000_000+0.140_U-1219,0.0,0.14,SPRINGHILL RD,S-411,Urban,4,2,GALLATIN,2.0,713.3700000000001,0.4,12738.75,1783.4250000000002,153.51645217108097,,S-411
2023.0,S-411,A,4.685,C000411,A,C000411A,006+0.057,010+0.738,6.059,10.744,16-2-008,nan,nan,E,482.75,10.0,nan,0.0,80.0,42.0,19.0,nan,0.0,149.0,78.0,RMA_RMC_12,5249.0,10.0,103.0,25.0,25.0,33.0,33.0,nan,2.0,nan,GALLATIN,nan,nan,1.045,4.53,C000411_006+0.057_010+0.738_S-411,6.057,10.738,SPRINGHILL RD,S-411,Urban,4,15,GALLATIN,15.0,2261.6837499999997,3.0,160.91666666666666,753.8945833333332,363.1609574679176,,S-411
2023.0,S-411,A,4.556,C000411,A,C000411A,001+0.497,006+0.057,1.503,6.059,16-3-008,nan,nan,E,2576.0,10.0,nan,0.0,80.0,42.0,4.0,nan,0.0,28.0,15.0,RMA_RMC_12,5249.0,10.0,103.0,27.0,27.0,35.0,35.0,nan,2.0,nan,GALLATIN,nan,ENT S-411A,1.045,4.53,C000411_001+0.497_006+0.057_S-411,1.4969999999999999,6.057,SPRINGHILL RD,S-411,Urban,4,33,GALLATIN,33.0,11736.256,6.6,390.3030303030303,1778.220606060606,153.9657553062226,,S-411
