YEAR,DEPT_ID,DEPT_RBD,SEC_LNT_MI,CORR_ID,CORR_RBD,CORRIDOR,CORR_MP,CORR_ENDMP,CORR_MIOFF,CORR_ENDMI,SITE_ID,TYC_CCS,TYC_REMARK,TYC_ACTEST,TYC_AADT,TYC_MC_NUM,TYC_RV_NUM,BUS_NUM,COMM_NUM,LG_TRK_NUM,TYC_MC,TYC_RV,TYC_BUS,TYC_COMM,TYC_LG_TRK,FACTOR_GRP,TYC_VC_GRP,FUT_FACT,TYC_DHV,FLEXESAL_P,FLEXESAL_N,RESAL_P,RESAL_N,ONE_WAY,NUM_LANES,COIN_RT,CNTY_NM,JCT_DESC,LINK_DESC,PCT_DH_SU,PCT_DH_CU,SEGMENT_KEY,CORR_MP_FLOAT,CORR_ENDMP_FLOAT,ROUTE_NAME,SIGNED_ROUTE,SYSTEM,YEARS_WITH_DATA,TOTAL_CRASHES,COUNTY,CRASHES,MILES_DRIVEN,AVG_CRASHES,CARS_PER_ACC,MILES_PER_ACC,PER_100M_VMT,LOCATION,ROUTE_FILE_NAME
2023.0,L-41-701,A,28.513,C000473,A,C000473A,014+0.370,042+0.851,14.395,42.907,41-4-002,nan,nan,A,47.666666666666664,20.0,nan,5.0,31.0,4.0,385.0,nan,96.0,596.0,77.0,RMA_RMC_12,5304.0,10.0,163.0,10.0,10.0,14.0,14.0,nan,2.0,nan,RAVALLI,nan,ENT L-41-701A,3.845,0.0,C000473_014+0.370_042+0.851_L-41-701,14.37,42.851,W FORK RD,S-473,Secondary,3,4,RAVALLI,4.0,1359.1196666666667,0.8,59.58333333333333,1698.8995833333333,161.15436215248752,,S-473
2023.0,S-473,A,1.042,C000473,A,C000473A,013+0.322,014+0.370,13.353,14.395,41-4-001,nan,nan,E,433.25,20.0,nan,5.0,31.0,4.0,43.0,nan,11.0,66.0,9.0,RMA_RMC_12,5304.0,10.0,163.0,10.0,10.0,15.0,15.0,nan,2.0,nan,RAVALLI,nan,nan,3.845,0.0,C000473_013+0.322_014+0.370_S-473,13.322,14.37,W FORK RD,S-473,Secondary,4,3,RAVALLI,3.0,451.4465,0.6,722.0833333333334,752.4108333333334,363.87710886655685,,S-473
2023.0,S-473,A,3.109,C000473,A,C000473A,000+0.000,003+0.089,0.0,3.109,41-2-003,nan,nan,E,1088.8,20.0,nan,5.0,31.0,4.0,17.0,nan,4.0,27.0,3.0,RMA_RMC_12,5304.0,10.0,163.0,11.0,11.0,15.0,15.0,nan,2.0,nan,RAVALLI,JCT N-7 N OF CONNER,ENT S-473A/,4.464,0.0,C000473_000+0.000_003+0.089_S-473,0.0,3.089,W FORK RD,S-473,Secondary,5,15,RAVALLI,15.0,3385.0791999999997,3.0,362.93333333333334,1128.3597333333332,242.63988746249436,,S-473
2023.0,S-473,A,10.244,C000473,A,C000473A,003+0.089,013+0.322,3.109,13.353,41-2-004,nan,nan,E,905.5,20.0,nan,5.0,31.0,4.0,23.0,nan,6.0,35.0,5.0,RMA_RMC_12,5304.0,10.0,163.0,11.0,11.0,15.0,15.0,nan,2.0,nan,RAVALLI,nan,nan,3.226,0.0,C000473_003+0.089_013+0.322_S-473,3.089,13.322,W FORK RD,S-473,Secondary,4,23,RAVALLI,23.0,9275.942,4.6,196.84782608695653,2016.5091304347825,135.7718021609845,,S-473
