YEAR,DEPT_ID,DEPT_RBD,SEC_LNT_MI,CORR_ID,CORR_RBD,CORRIDOR,CORR_MP,CORR_ENDMP,CORR_MIOFF,CORR_ENDMI,SITE_ID,TYC_CCS,TYC_REMARK,TYC_ACTEST,TYC_AADT,TYC_MC_NUM,TYC_RV_NUM,BUS_NUM,COMM_NUM,LG_TRK_NUM,TYC_MC,TYC_RV,TYC_BUS,TYC_COMM,TYC_LG_TRK,FACTOR_GRP,TYC_VC_GRP,FUT_FACT,TYC_DHV,FLEXESAL_P,FLEXESAL_N,RESAL_P,RESAL_N,ONE_WAY,NUM_LANES,COIN_RT,CNTY_NM,JCT_DESC,LINK_DESC,PCT_DH_SU,PCT_DH_CU,SEGMENT_KEY,ROUTE_NAME,SIGNED_ROUTE,SYSTEM,YEARS_WITH_DATA,TOTAL_CRASHES,COUNTY,CRASHES,MILES_DRIVEN,AVG_CRASHES,CARS_PER_ACC,MILES_PER_ACC,LOCATION,ROUTE_FILE_NAME
2023.0,P-6,A,2.838,C000006,A,C000006A,053+0.175,056+0.018,53.144,55.981,45-4-001,,,A,2408.75,58.0,,19.0,381.0,144.0,22.0,,7.0,142.0,54.0,RMA_RMC_12,4007.0,10.0,112.0,101.0,101.0,147.0,147.0,,2.0,,SANDERS,,,6.768,2.876,C000006_053+0.175_056+0.018_P-6,,MT-200,Primary,4,16,SANDERS,16.0,6836.0325,3.2,752.734375,2136.26015625,,MT-200
2023.0,P-6,A,12.486,C000006,A,C000006A,056+0.018,068+0.483,55.981,68.467,45-4-002,,,E,2209.0,58.0,,19.0,381.0,144.0,27.0,,9.0,175.0,66.0,RMA_RMC_12,4007.0,10.0,112.0,101.0,101.0,147.0,147.0,,2.0,,SANDERS,JCT ROUTE 556,JCT ROUTE 556,6.768,2.876,C000006_056+0.018_068+0.483_P-6,,MT-200,Primary,4,54,SANDERS,54.0,27581.574,10.8,204.537037037037,2553.8494444444445,,MT-200
2023.0,P-6,A,5.409,C000006,A,C000006A,068+0.483,073+0.869,68.467,73.876,45-4-003,,,E,2447.25,58.0,,19.0,381.0,144.0,24.0,,8.0,156.0,59.0,RMA_RMC_12,4007.0,10.0,112.0,101.0,101.0,147.0,147.0,,2.0,,SANDERS,,,1.154,3.846,C000006_068+0.483_073+0.869_P-6,,MT-200,Primary,4,45,SANDERS,45.0,13237.17525,9.0,271.9166666666667,1470.79725,,MT-200
2023.0,P-6,A,1.825,C000006,A,C000006A,073+0.869,075+0.703,73.876,75.7,45-4-017,,,E,4182.25,58.0,,19.0,381.0,144.0,14.0,,4.0,89.0,34.0,RMA_RMC_12,4007.0,10.0,112.0,103.0,103.0,148.0,148.0,,2.0,,SANDERS,,,6.768,2.876,C000006_073+0.869_075+0.703_P-6,,MT-200,Primary,4,8,SANDERS,8.0,7632.60625,1.6,2613.90625,4770.37890625,,MT-200
