YEAR,DEPT_ID,DEPT_RBD,SEC_LNT_MI,CORR_ID,CORR_RBD,CORRIDOR,CORR_MP,CORR_ENDMP,CORR_MIOFF,CORR_ENDMI,SITE_ID,TYC_CCS,TYC_REMARK,TYC_ACTEST,TYC_AADT,TYC_MC_NUM,TYC_RV_NUM,BUS_NUM,COMM_NUM,LG_TRK_NUM,TYC_MC,TYC_RV,TYC_BUS,TYC_COMM,TYC_LG_TRK,FACTOR_GRP,TYC_VC_GRP,FUT_FACT,TYC_DHV,FLEXESAL_P,FLEXESAL_N,RESAL_P,RESAL_N,ONE_WAY,NUM_LANES,COIN_RT,CNTY_NM,JCT_DESC,LINK_DESC,PCT_DH_SU,PCT_DH_CU,SEGMENT_KEY,ROUTE_NAME,SIGNED_ROUTE,SYSTEM,YEARS_WITH_DATA,TOTAL_CRASHES,COUNTY,CRASHES,MILES_DRIVEN,AVG_CRASHES,CARS_PER_ACC,MILES_PER_ACC,LOCATION,ROUTE_FILE_NAME
2023.0,N-1,A,3.714,C000001,A,C000001A,125+0.635,129+0.407,125.669,129.384,15-4A-040,,,E,17441.25,91.0,,38.0,902.0,312.0,5.0,,2.0,45.0,16.0,UPA,7005.0,13.0,94.0,378.0,378.0,543.0,543.0,,4.0,,FLATHEAD,,,1.386,0.443,C000001_125+0.635_129+0.407_N-1,,US-2,NI-NHS,4,111,FLATHEAD,111.0,64776.8025,22.2,785.6418918918919,2917.8739864864865,,US-2
2023.0,N-1,A,2.529,C000001,A,C000001A,129+0.407,131+0.918,129.384,131.913,15-4A-041,,,E,17409.0,91.0,,38.0,902.0,312.0,4.0,,2.0,42.0,14.0,UPA,7005.0,13.0,94.0,378.0,378.0,543.0,543.0,,4.0,,FLATHEAD,,,1.386,0.443,C000001_129+0.407_131+0.918_N-1,,US-2,NI-NHS,4,56,FLATHEAD,56.0,44027.361,11.2,1554.375,3931.014375,,US-2
2023.0,N-1,A,1.995,C000001,A,C000001A,131+0.918,133+0.919,131.913,133.908,15-4A-014,,,E,14561.0,91.0,,38.0,902.0,312.0,6.0,,2.0,58.0,20.0,UPA,7005.0,13.0,94.0,376.0,376.0,541.0,541.0,,4.0,,FLATHEAD,,,1.952,1.012,C000001_131+0.918_133+0.919_N-1,,US-2,NI-NHS,4,92,FLATHEAD,92.0,29049.195000000003,18.4,791.358695652174,1578.7605978260872,,US-2
2023.0,N-1,A,1.0,C000001,A,C000001A,133+0.919,134+0.887,133.908,134.907,15-4A-012,,,A,21509.5,323.0,,47.0,1107.0,499.0,12.0,,2.0,42.0,19.0,UPA,7131.0,15.0,98.0,490.0,490.0,708.0,708.0,,4.0,,FLATHEAD,JCT N-38,JCT N-38,2.716,1.621,C000001_133+0.919_134+0.887_N-1,,US-2,NI-NHS,4,50,FLATHEAD,50.0,21509.5,10.0,2150.95,2150.95,,US-2
