YEAR,DEPT_ID,DEPT_RBD,SEC_LNT_MI,CORR_ID,CORR_RBD,CORRIDOR,CORR_MP,CORR_ENDMP,CORR_MIOFF,CORR_ENDMI,SITE_ID,TYC_CCS,TYC_REMARK,TYC_ACTEST,TYC_AADT,TYC_MC_NUM,TYC_RV_NUM,BUS_NUM,COMM_NUM,LG_TRK_NUM,TYC_MC,TYC_RV,TYC_BUS,TYC_COMM,TYC_LG_TRK,FACTOR_GRP,TYC_VC_GRP,FUT_FACT,TYC_DHV,FLEXESAL_P,FLEXESAL_N,RESAL_P,RESAL_N,ONE_WAY,NUM_LANES,COIN_RT,CNTY_NM,JCT_DESC,LINK_DESC,PCT_DH_SU,PCT_DH_CU,SEGMENT_KEY,ROUTE_NAME,SIGNED_ROUTE,SYSTEM,YEARS_WITH_DATA,TOTAL_CRASHES,COUNTY,CRASHES,MILES_DRIVEN,AVG_CRASHES,CARS_PER_ACC,MILES_PER_ACC,LOCATION,ROUTE_FILE_NAME
2023.0,N-93,A,5.946,C000093,A,C000093A,000+0.000,005+0.911,0.0,5.946,32-3-019,,,A,772.0,55.0,,11.0,62.0,55.0,69.0,,14.0,78.0,69.0,RPA_1,3083.0,10.0,123.0,36.0,36.0,58.0,58.0,,2.0,,MISSOULA,,ENT N-93A,0.885,1.77,C000093_000+0.000_005+0.911_N-93,,US-12,NI-NHS,4,17,MISSOULA,17.0,4590.312,3.4,227.05882352941177,1350.0917647058825,,US-12
2023.0,N-93,A,10.174,C000093,A,C000093A,005+0.911,016+0.126,5.946,16.12,32-3-007,,,A,788.25,55.0,,11.0,62.0,55.0,69.0,,14.0,78.0,69.0,RPA_1,3083.0,10.0,123.0,36.0,36.0,58.0,58.0,,2.0,,MISSOULA,,,0.885,1.77,C000093_005+0.911_016+0.126_N-93,,US-12,NI-NHS,4,30,MISSOULA,30.0,8019.6555,6.0,131.375,1336.60925,,US-12
2023.0,N-93,A,6.416,C000093,A,C000093A,016+0.126,022+0.524,16.12,22.537,32-3-008,,,A,985.0,55.0,,11.0,62.0,55.0,57.0,,11.0,65.0,57.0,RPA_1,3083.0,10.0,123.0,37.0,37.0,58.0,58.0,,2.0,,MISSOULA,,,0.885,1.77,C000093_016+0.126_022+0.524_N-93,,US-12,NI-NHS,4,31,MISSOULA,31.0,6319.76,6.2,158.8709677419355,1019.316129032258,,US-12
2023.0,N-93,A,8.326,C000093,A,C000093A,022+0.524,030+0.925,22.537,30.863,32-3-009,,,A,1258.0,55.0,,11.0,62.0,55.0,49.0,,10.0,55.0,49.0,RPA_1,3083.0,10.0,123.0,37.0,37.0,58.0,58.0,,2.0,,MISSOULA,,,0.885,1.77,C000093_022+0.524_030+0.925_N-93,,US-12,NI-NHS,4,61,MISSOULA,61.0,10474.108,12.2,103.11475409836066,858.5334426229509,,US-12
2023.0,N-93,A,1.689,C000093,A,C000093A,030+0.925,032+0.631,30.863,32.552,32-3B-004,,,E,2482.0,55.0,,11.0,62.0,55.0,22.0,,4.0,25.0,22.0,RPA_1,3083.0,10.0,123.0,38.0,38.0,60.0,60.0,,2.0,,MISSOULA,,,0.885,1.77,C000093_030+0.925_032+0.631_N-93,,US-12,NI-NHS,3,44,MISSOULA,44.0,4192.098,8.8,282.0454545454545,476.3747727272726,,US-12
