YEAR,DEPT_ID,DEPT_RBD,SEC_LNT_MI,CORR_ID,CORR_RBD,CORRIDOR,CORR_MP,CORR_ENDMP,CORR_MIOFF,CORR_ENDMI,SITE_ID,TYC_CCS,TYC_REMARK,TYC_ACTEST,TYC_AADT,TYC_MC_NUM,TYC_RV_NUM,BUS_NUM,COMM_NUM,LG_TRK_NUM,TYC_MC,TYC_RV,TYC_BUS,TYC_COMM,TYC_LG_TRK,FACTOR_GRP,TYC_VC_GRP,FUT_FACT,TYC_DHV,FLEXESAL_P,FLEXESAL_N,RESAL_P,RESAL_N,ONE_WAY,NUM_LANES,COIN_RT,CNTY_NM,JCT_DESC,LINK_DESC,PCT_DH_SU,PCT_DH_CU,SEGMENT_KEY,CORR_MP_FLOAT,CORR_ENDMP_FLOAT,ROUTE_NAME,SIGNED_ROUTE,SYSTEM,YEARS_WITH_DATA,TOTAL_CRASHES,COUNTY,CRASHES,MILES_DRIVEN,AVG_CRASHES,CARS_PER_ACC,MILES_PER_ACC,LOCATION,ROUTE_FILE_NAME
2023.0,P-56,A,5.349,C000056,A,C000056A,029+0.378,034+0.754,29.256,34.605,27-3-008,nan,nan,E,1654.3333333333333,15.0,nan,10.0,54.0,35.0,10.0,nan,6.0,35.0,22.0,RMA_RMC_12,4079.0,10.0,131.0,25.0,25.0,36.0,36.0,nan,2.0,nan,LINCOLN,nan,nan,1.869,1.869,C000056_029+0.378_034+0.754_P-56,29.378,34.754,,MT-56,Primary,3,23,LINCOLN,23.0,8849.029,4.6,359.6376811594203,1923.7019565217395,,MT-56
2023.0,P-56,A,12.583,C000056,A,C000056A,016+0.706,029+0.378,16.674,29.256,27-3-009,nan,nan,E,1029.25,17.0,nan,12.0,62.0,40.0,16.0,nan,11.0,58.0,38.0,RMA_RMC_12,4079.0,10.0,131.0,28.0,28.0,40.0,40.0,nan,2.0,nan,LINCOLN,nan,nan,1.869,1.869,C000056_016+0.706_029+0.378_P-56,16.706,29.378,,MT-56,Primary,4,19,LINCOLN,19.0,12951.05275,3.8,270.85526315789474,3408.17177631579,,MT-56
2023.0,P-56,A,0.169,C000056,A,C000056A,016+0.537,016+0.706,16.505,16.674,45-1-004,nan,nan,E,732.25,15.0,nan,10.0,54.0,35.0,22.0,nan,14.0,78.0,51.0,RMA_RMC_12,4079.0,10.0,131.0,24.0,24.0,35.0,35.0,nan,2.0,nan,LINCOLN,nan,nan,1.869,1.869,C000056_016+0.537_016+0.706_P-56,16.537,16.706,,MT-56,Primary,4,0,LINCOLN,,123.75025000000001,0.0,None,None,,MT-56
2023.0,P-56,A,11.864,C000056,A,C000056A,004+0.660,016+0.537,4.641,16.505,45-1-004,nan,nan,E,732.25,15.0,nan,10.0,54.0,35.0,22.0,nan,14.0,78.0,51.0,RMA_RMC_12,4079.0,10.0,131.0,24.0,24.0,35.0,35.0,nan,2.0,nan,SANDERS,nan,nan,1.869,1.869,C000056_004+0.660_016+0.537_P-56,4.66,16.537,,MT-56,Primary,4,11,SANDERS,11.0,8687.414,2.2,332.84090909090907,3948.8245454545454,,MT-56
2023.0,P-56,A,4.641,C000056,A,C000056A,000+0.000,004+0.660,0.0,4.641,45-1-003,nan,nan,E,793.5,16.0,nan,11.0,56.0,36.0,20.0,nan,14.0,72.0,46.0,RMA_RMC_12,4079.0,10.0,131.0,25.0,25.0,36.0,36.0,nan,2.0,nan,SANDERS,JCT P-6 W OF NOXON,ENT P-56A/,1.869,1.869,C000056_000+0.000_004+0.660_P-56,0.0,4.66,,MT-56,Primary,4,10,SANDERS,10.0,3682.6335,2.0,396.75,1841.31675,,MT-56
