YEAR,DEPT_ID,DEPT_RBD,SEC_LNT_MI,CORR_ID,CORR_RBD,CORRIDOR,CORR_MP,CORR_ENDMP,CORR_MIOFF,CORR_ENDMI,SITE_ID,TYC_CCS,TYC_REMARK,TYC_ACTEST,TYC_AADT,TYC_MC_NUM,TYC_RV_NUM,BUS_NUM,COMM_NUM,LG_TRK_NUM,TYC_MC,TYC_RV,TYC_BUS,TYC_COMM,TYC_LG_TRK,FACTOR_GRP,TYC_VC_GRP,FUT_FACT,TYC_DHV,FLEXESAL_P,FLEXESAL_N,RESAL_P,RESAL_N,ONE_WAY,NUM_LANES,COIN_RT,CNTY_NM,JCT_DESC,LINK_DESC,PCT_DH_SU,PCT_DH_CU,SEGMENT_KEY,CORR_MP_FLOAT,CORR_ENDMP_FLOAT,ROUTE_NAME,SIGNED_ROUTE,SYSTEM,YEARS_WITH_DATA,TOTAL_CRASHES,COUNTY,CRASHES,MILES_DRIVEN,AVG_CRASHES,CARS_PER_ACC,MILES_PER_ACC,LOCATION,ROUTE_FILE_NAME
2023.0,S-421,A,1.035,C000421,A,C000421A,008+0.763,009+0.794,8.843,9.878,48-2-025,nan,nan,A,963.25,18.0,nan,1.0,91.0,59.0,20.0,nan,1.0,99.0,64.0,RMA_RMC_345,5258.0,32.0,113.0,34.0,34.0,52.0,52.0,nan,2.0,nan,CARBON,nan,nan,3.604,3.604,C000421_008+0.763_009+0.794_S-421,8.763,9.794,,S-421,Secondary,4,1,CARBON,1.0,996.9637499999999,0.2,4816.25,4984.818749999999,,S-421
2023.0,S-421,A,6.232,C000421,A,C000421A,002+0.612,008+0.763,2.611,8.843,48-2-025,nan,nan,A,963.25,18.0,nan,1.0,91.0,59.0,20.0,nan,1.0,99.0,64.0,RMA_RMC_345,5258.0,32.0,113.0,34.0,34.0,52.0,52.0,nan,2.0,nan,STILLWATER,nan,nan,3.604,3.604,C000421_002+0.612_008+0.763_S-421,2.612,8.763,,S-421,Secondary,4,29,STILLWATER,29.0,6002.974,5.8,166.07758620689657,1034.9955172413793,,S-421
2023.0,S-421,A,2.611,C000421,A,C000421A,000+0.000,002+0.612,0.0,2.611,48-2-024,nan,nan,A,1175.5,18.0,nan,1.0,91.0,59.0,17.0,nan,1.0,84.0,55.0,RMA_RMC_345,5258.0,32.0,113.0,34.0,34.0,52.0,52.0,nan,2.0,nan,STILLWATER,JCT P-78 S OF COLUMBUS,ENT S-421A/,3.604,3.604,C000421_000+0.000_002+0.612_S-421,0.0,2.612,,S-421,Secondary,4,16,STILLWATER,16.0,3069.2305,3.2,367.34375,959.13453125,,S-421
2023.0,S-421,A,1.386,C000421,A,C000421A,016+0.779,018+0.161,16.786,18.172,05-1-006,nan,nan,E,796.3333333333334,18.0,nan,1.0,91.0,59.0,18.0,nan,1.0,92.0,59.0,RMA_RMC_345,5258.0,32.0,113.0,34.0,34.0,52.0,52.0,nan,2.0,nan,CARBON,nan,nan,2.239,8.209,C000421_016+0.779_018+0.161_S-421,16.779,18.161,,S-421,Secondary,3,5,CARBON,5.0,1103.718,1.0,796.3333333333334,1103.718,,S-421
2023.0,S-421,A,6.907,C000421,A,C000421A,009+0.794,016+0.779,9.878,16.786,05-1-007,nan,nan,E,910.5,18.0,nan,1.0,91.0,59.0,18.0,nan,1.0,91.0,59.0,RMA_RMC_345,5258.0,32.0,113.0,34.0,34.0,52.0,52.0,nan,2.0,nan,CARBON,nan,nan,3.604,3.604,C000421_009+0.794_016+0.779_S-421,9.794,16.779,,S-421,Secondary,4,15,CARBON,15.0,6288.8235,3.0,303.5,2096.2745,,S-421
