SEGMENT_KEY,CORRIDOR,SITE_ID,CORR_MP,CORR_ENDMP,DEPT_ID,TOTAL_CRASHES,SEC_LNT_MI,TYC_AADT,MILES_DRIVEN,LOCATION,COUNTY,ROUTE_NAME,SIGNED_ROUTE,SYSTEM,AVG_CRASHES,CARS_PER_ACC,MILES_PER_ACC
C000012_008+0.633_009+0.116_N-12,C000012A,16-5-010,008+0.633,009+0.116,N-12,1,0.39,4713.0,1838.07,,GALLATIN,TARGHEE PASS HWY,US-20,NI-NHS,0.2,23565.0,9190.35
C000012_009+0.116_009+0.406_N-12,C000012A,16-5-011,009+0.116,009+0.406,N-12,25,0.29,5393.0,1563.9699999999998,,GALLATIN,TARGHEE PASS HWY,US-20,NI-NHS,5.0,1078.6,312.794
C000012_000+0.000_000+0.621_N-12,C000012A,A-018,000+0.000,000+0.621,N-12,9,0.621,4519.25,2806.45425,,GALLATIN,TARGHEE PASS HWY,US-20,NI-NHS,1.8,2510.6944444444443,1559.14125
C000012_000+0.621_008+0.633_N-12,C000012A,A-018,000+0.621,008+0.633,N-12,91,8.018,4519.25,36235.3465,,GALLATIN,TARGHEE PASS HWY,US-20,NI-NHS,18.2,248.31043956043956,1990.9531043956044
